id	cardNumber	cardName	categoryId	categoryName	level	imageFile	position	sortOrder	isCenter	question	issue	point	hints	why	what	how	diagramCore	diagramStructure	diagramText
00	00	授業相談カード大全	0	授業相談カード大全	top	00.jpg	center	5	TRUE			8カテゴリから、授業相談の入口を選ぶ。					授業相談カード大全の入口	中央から8カテゴリへ広がるトップマンダラート	授業相談カード大全
top-1	1セル	子どもの出発点をつかみたい	1	子どもの出発点をつかみたい	topCategory	10.jpg	topCenter	2	FALSE			トップ画面ではカテゴリ入口として表示する。					子どもの出発点をつかむ8つの視点	トップ画面ではカテゴリ入口画像として使い、第2階層ではカテゴリ中央セル画像として兼用する。	子どもの出発点をつかむ8つの視点
top-2	2セル	教材・単元の芯をつかみたい	2	教材・単元の芯をつかみたい	topCategory	20.jpg	topRight	3	FALSE			トップ画面ではカテゴリ入口として表示する。					教材・単元の芯をつかむ8つの視点	トップ画面ではカテゴリ入口画像として使い、第2階層ではカテゴリ中央セル画像として兼用する。	教材・単元の芯をつかむ8つの視点
top-3	3セル	教科で課題解決的な学習を組み立てたい	3	教科で課題解決的な学習を組み立てたい	topCategory	30.jpg	middleRight	6	FALSE			トップ画面ではカテゴリ入口として表示する。					教科で課題解決的な学習を組み立てる8つの視点	トップ画面ではカテゴリ入口画像として使い、第2階層ではカテゴリ中央セル画像として兼用する。	教科で課題解決的な学習を組み立てる8つの視点
top-4	4セル	書く・話す活動を、学びにつなげたい	4	書く・話す活動を、学びにつなげたい	topCategory	40.jpg	bottomRight	9	FALSE			トップ画面ではカテゴリ入口として表示する。					書く・話す活動を、学びにつなげる8つの視点	トップ画面ではカテゴリ入口画像として使い、第2階層ではカテゴリ中央セル画像として兼用する。	書く・話す活動を、学びにつなげる8つの視点
top-5	5セル	情報活用能力を、子どもの学びとして育てたい	5	情報活用能力を、子どもの学びとして育てたい	topCategory	50.jpg	bottomCenter	8	FALSE			トップ画面ではカテゴリ入口として表示する。					情報活用能力を、子どもの学びとして育てる8つの視点	トップ画面ではカテゴリ入口画像として使い、第2階層ではカテゴリ中央セル画像として兼用する。	情報活用能力を、子どもの学びとして育てる8つの視点
top-6	6セル	見取り・振り返りを、次の授業と支援につなげたい	6	見取り・振り返りを、次の授業と支援につなげたい	topCategory	60.jpg	bottomLeft	7	FALSE			トップ画面ではカテゴリ入口として表示する。					見取り・振り返りを次につなぐ8つの視点	トップ画面ではカテゴリ入口画像として使い、第2階層ではカテゴリ中央セル画像として兼用する。	見取り・振り返りを次につなぐ8つの視点
top-7	7セル	総合的な学習・生活科で、子どもの問いや願いを育てたい	7	総合的な学習・生活科で、子どもの問いや願いを育てたい	topCategory	70.jpg	middleLeft	4	FALSE			トップ画面ではカテゴリ入口として表示する。					子どもの問いや願いを育てる8つの視点	トップ画面ではカテゴリ入口画像として使い、第2階層ではカテゴリ中央セル画像として兼用する。	子どもの問いや願いを育てる8つの視点
top-8	8セル	特別支援学級で、その子の「できた」を設計したい	8	特別支援学級で、その子の「できた」を設計したい	topCategory	80.jpg	topLeft	1	FALSE			トップ画面ではカテゴリ入口として表示する。					その子の「できた」を設計する8つの視点	トップ画面ではカテゴリ入口画像として使い、第2階層ではカテゴリ中央セル画像として兼用する。	その子の「できた」を設計する8つの視点
10	1中心セル	子どもの出発点をつかむ8つの視点	1	子どもの出発点をつかみたい	category	10.jpg	center	5	TRUE			この8つの視点で、子どもの出発点をつかむ。					子どもの出発点をつかむ8つの視点	配置：1-8／1-1／1-2、1-7／1中心／1-3、1-6／1-5／1-4	何を知っているか／初めて何と出会うか／何とつなげて考えるか／どんな言葉で考えるか／どこで考えが止まるか／何に心が動くか／何に不安を感じるか／どんな思い込みをもつか
11	1-1セル	何を知っているか	1	子どもの出発点をつかみたい	card	11.jpg	topCenter	2	FALSE	この学習に入る前に、子どもは何を知っているか	子どもがすでにもっている言葉・知識・イメージ・経験を、授業の入口としてどう生かすか	正しい／間違いで早く分けず、「どんな知り方をしているか」を見る。	聞いたことはある／なんとなく知っている／生活の中で見たことがある／前の学習と似ていると思っている／言葉だけ知っていて、意味はあいまい／自分なりの思い込みをもっている	なぜ、子どもはそう知っているのか。	子どもは、何をどの程度知っているのか。	その知っていることを、授業の入口でどう生かせそうか。	子どもがすでにもっているものを、授業の入口につなげる図解にする。	中心に「授業の入口」／周囲に「言葉」「知識」「イメージ」「経験」／4つが「授業の入口」へつながる図にする。	子どもがもつ「すでにあるもの」／言葉／知識／イメージ／経験／授業の入口／ここから、学びがつながり、広がっていく。
12	1-2セル	初めて何と出会うか	1	子どもの出発点をつかみたい	card	12.jpg	topRight	3	FALSE	この学習で、子どもは初めて何と出会うのか	子どもが初めて出会う言葉・事実・見方は何か	初めて出会うものを、教師が先に説明しすぎない。子どもが何に気づき、何を不思議に思うかを見る。	初めて聞く言葉／初めて見る事実／名前は知らないが、見たことのあるもの／知っている言葉と結びついていない意味／前の学習とは違う見方／まだ気づいていない面白さ	なぜ、それは子どもにとって初めての出会いになるのか。	子どもは、何を初めて見るのか。	その出会いのあと、子どもは何に気づきそうか。	「初めて出会うもの」から、子どもの気づきや疑問が生まれる流れを図解する。	左に「初めて出会うもの」／中央に「気づき」／右に「疑問」／下に「学びの入口」／出会いから、気づきと疑問が生まれる流れにする。	初めて出会うもの／気づき／疑問／学びの入口／初めて見る。だから、気づく。疑問が生まれる。
13	1-3セル	何とつなげて考えるか	1	子どもの出発点をつかみたい	card	13.jpg	middleRight	6	FALSE	この学習を、子どもは何とつなげて考えるか	子どもがこの学習とつなげる経験・前の学び・身近な出来事は何か	子どもがつなげるものは、正確とは限らない。まず、何を手がかりに考えるかを見る。	生活の中で見たこと／家族や友達との経験／前の単元で学んだこと／別の教科で扱ったこと／本、動画、ニュースで知ったこと／一部の経験から決めつけていること	なぜ、子どもはそれとつなげて考えるのか。	子どもは、何を手がかりにして考えるか。	その手がかりから、子どもはどんな考えを出すか。	子どもが、経験や前の学びを手がかりにして、この学習を考える様子を図解する。	中心に「この学習」／周囲に「生活経験」「前の学び」「身近な出来事」「見聞きしたこと」／周囲の手がかりから中心へ線をつなぐ／下に「考える手がかり」を置く。	この学習／生活経験／前の学び／身近な出来事／見聞きしたこと／考える手がかり／子どもは、知っていることとつなげて考える。
14	1-4セル	どんな言葉で考えるか	1	子どもの出発点をつかみたい	card	14.jpg	bottomRight	9	FALSE	この学習を、子どもはどんな言葉で考えるか	子どもが使う言葉に、どんな見方・迷い・分かり方が表れているか	言葉の正しさだけを見ない。子どもがその言葉で何を表そうとしているかを見る。	よく使っている言葉／意味があいまいなまま使っている言葉／自分なりに言いかえている言葉／似た言葉と混ざっている言葉／言いたいことに対して足りない言葉／友達から借りて使っている言葉	なぜ、子どもはその言葉で考えるのか。	その言葉には、子どものどんな見方が表れているか。	その言葉から、子どもの考えをどうたどるか。	子どもの言葉から、見方・迷い・分かり方が見えてくる様子を図解する。	中心に「子どもの言葉」／周囲に「見方」「迷い」「分かり方」「言いかえ」／中心から周囲へ線をつなぐ／下に「考えをたどる手がかり」を置く。	子どもの言葉／見方／迷い／分かり方／言いかえ／考えをたどる手がかり／言葉を見ると、考えの動きが見えてくる。
15	1-5セル	どこで考えが止まるか	1	子どもの出発点をつかみたい	card	15.jpg	bottomCenter	8	FALSE	この学習で、子どもの考えはどこで止まるか	子どもの考えを止めているものは、問いの分かりにくさか、活動の見通しのなさか、考える観点の不足か、表現のしにくさか	考えが止まる子を、分かっていない子と決めつけない。何が考えを止めているのかを見る。	問いの意味が分からない／何をすればよいか分からない／何と何を比べるか分からない／考えはあるが、書き出せない／友達の考えとつなげられない／分かったつもりで、次に進めない	なぜ、子どもの考えはそこで止まるのか。	何が、子どもの考えを止めているのか。	子どもが考え直すには、何が手がかりになるか。	子どもの考えが止まる場面を、原因ごとに分けて見る図解にする。	中心に「考えが止まる」／周囲に「問い」「活動」「観点」「表現」／下に「考え直す手がかり」／どの要素が考えを止めているのかを見分ける図にする。	考えが止まる／問い／活動／観点／表現／考え直す手がかり／考えが止まる場所には、考え直す手がかりがある。
16	1-6セル	何に心が動くか	1	子どもの出発点をつかみたい	card	16.jpg	bottomLeft	7	FALSE	この学習で、子どもの心は何に動くか	子どもの心を動かすものは、驚きか、自分とのつながりか、比べたくなる違いか、試したくなる面白さか	楽しそうに見えるものを、すぐ活動にしない。子どもの心が何に動いているのかを見る。	思わず驚くこと／自分と関係があると感じること／友達と比べたくなること／試してみたくなること／もっと知りたくなること／予想と違って気になること	なぜ、子どもの心はそこに動くのか。	何が、子どもの心を動かしているのか。	心が動いたあと、子どもは何を見ようとするか。	子どもの心が動くきっかけから、問いや学びに向かう流れを図解する。	中心に「心が動く」／周囲に「驚き」「自分とのつながり」「違い」「試したさ」／右に「問い」／下に「学びの入口」／心が動くところから、問いが生まれる流れにする。	心が動く／驚き／自分とのつながり／違い／試したさ／問い／学びの入口／心が動くところから、問いが生まれる。
17	1-7セル	何に不安を感じるか	1	子どもの出発点をつかみたい	card	17.jpg	middleLeft	4	FALSE	この学習で、子どもは何に不安を感じるか	子どもの入りにくさは、分からなさへの不安か、間違える不安か、書く・話す不安か、友達と比べられる不安か	不安を、やる気のなさと決めつけない。子どもが何をこわがっているのかを見る。	分からないまま進みそうで不安／間違えそうで不安／書くことが見つからず不安／話すことを聞かれそうで不安／友達と比べられそうで不安／失敗したあとに戻れなさそうで不安	なぜ、子どもはそこに不安を感じるのか。	子どもは、何をこわがっているのか。	その不安があると、子どもはどんな動きをしにくくなるか。	子どもの不安が、学習への入りにくさにつながる様子を図解する。	中心に「不安」／周囲に「分からなさ」「間違い」「書く・話す」「比べられる」／右に「入りにくさ」／下に「こわがっていること」／不安の種類を分けて、何が入りにくさにつながるかを見る図にする。	不安／分からなさ／間違い／書く・話す／比べられる／入りにくさ／こわがっていること／不安の奥には、子どもがこわがっていることがある。
18	1-8セル	どんな思い込みをもつか	1	子どもの出発点をつかみたい	card	18.jpg	topLeft	1	FALSE	この学習で、子どもはどんな思い込みをもつか	子どもの思い込みは、前の経験から来るのか、言葉の印象から来るのか、一部だけを見た判断から来るのか	思い込みを、すぐにまちがいとして直さない。子どもが何を手がかりにそう考えたのかを見る。	前と同じだと思っている／言葉の印象だけで考えている／一つの経験から決めている／一部だけを見て全体だと思っている／自分には関係ないと思っている／難しそう、つまらなそうと決めている	なぜ、子どもはそう思い込むのか。	子どもは、何を手がかりにして決めているのか。	その思い込みから、子どもは何を見落としそうか。	子どもの思い込みの奥に、どんな手がかりや前提があるのかを見る図解にする。	中心に「思い込み」／周囲に「前の経験」「言葉の印象」「一部だけを見た判断」／右に「見落とし」／下に「そう考えた手がかり」／思い込みから、見落としが生まれる流れを示す。	思い込み／前の経験／言葉の印象／一部だけを見た判断／見落とし／そう考えた手がかり／思い込みの奥には、子どもなりの手がかりがある。
20	2中心セル	教材・単元の芯をつかむ8つの視点	2	教材・単元の芯をつかみたい	category	20.jpg	center	5	TRUE			この8つの視点で、教材・単元の芯をつかむ。					教材・単元の芯をつかむ8つの視点	配置：2-8／2-1／2-2、2-7／2中心／2-3、2-6／2-5／2-4	この単元で何を学ぶか／教材のどこに価値があるか／子どもに何を考えさせたいか／どの見方・考え方を働かせるか／どこで意味づけが動くか／何を比べると芯が見えるか／単元の出口は何か／削ってはいけないものは何か
21	2-1セル	この単元で何を学ぶか	2	教材・単元の芯をつかみたい	card	21.jpg	topCenter	2	FALSE	この単元で、子どもは何を学ぶのか	この単元で扱う内容の中で、子どもに必ずつかませたい中心は何か	活動や教材名で単元をとらえない。子どもが何を分かるようになる単元なのかを見る。	教科書で何度も出てくる言葉／単元の最後まで残る考え／子どもが使えるようになる見方／前後の単元とつながる内容／活動を変えても残る学び／説明しないと授業が散らばる中心	なぜ、この内容をこの単元で学ぶのか。	子どもに必ずつかませたい中心は何か。	その中心を、どの教材や活動で確かめるか。	単元で扱う内容・見方・教材・活動を、単元の中心へ結びつける図解にする。	中心に「単元の中心」／周囲に「内容」「見方」「教材」「活動」／4つが「単元の中心」へつながる図にする／下に「この単元で最後まで残ること」を置く。	単元の中心／内容／見方／教材／活動／この単元で最後まで残ること
22	2-2セル	教材のどこに価値があるか	2	教材・単元の芯をつかみたい	card	22.jpg	topRight	3	FALSE	この教材のどこに、子どもが考えたくなる価値があるか	子どもが立ち止まり、考えを出したくなる言葉・場面・資料・事実はどこか	教材全体を同じ重さで扱わない。子どもの考えが動く一点を見る。	何度も立ち返りたくなる言葉／考えが分かれそうな場面／比べると違いが見える部分／子どもが引っかかりそうな表現／根拠になりそうな資料や事実／単元の中心につながる一部分	なぜ、そこに教材の価値があるのか。	子どもに、教材のどこを見せたいのか。	そこから、子どもは何を考え始めるか。	教材の価値が、言葉・場面・資料・事実のどこにあるのかを見分ける図解にする。	中心に「教材の価値」／周囲に「言葉」「場面」「資料」「事実」／下に「考えが動く一点」／教材のどこから子どもの考えが動き出すかを見る図にする。	教材の価値／言葉／場面／資料／事実／考えが動く一点／ここから問いが生まれる。
23	2-3セル	子どもに何を考えさせたいか	2	教材・単元の芯をつかみたい	card	23.jpg	middleRight	6	FALSE	この単元で、子どもに何を考えさせたいのか	子どもが答えを覚えるのではなく、考えて見つけるべきことは何か	教師が説明したいことを、そのまま問いにしない。子どもが考える余地を残す。	すぐには答えが出ないこと／考えが分かれそうなこと／根拠を探したくなること／前の考えを見直す必要があること／友達の考えを聞くと変わりそうなこと／教材に戻ると確かめられること	なぜ、それを子どもに考えさせたいのか。	子どもは、何を考えて見つけるのか。	その考えを、子どもは何を手がかりに確かめるか。	子どもが問い・根拠・友達の考え・教材を手がかりに、自分の考えをつくる様子を図解する。	中心に「考えさせたいこと」／周囲に「問い」「根拠」「友達の考え」「教材に戻る」／下に「自分の考えをつくること」／教師が答えを渡すのではなく、子どもが考える構造にする。	考えさせたいこと／問い／根拠／友達の考え／教材に戻る／自分の考えをつくること
24	2-4セル	どの見方・考え方を働かせるか	2	教材・単元の芯をつかみたい	card	24.jpg	bottomRight	9	FALSE	この単元で、子どもはどの見方・考え方を働かせるのか	子どもは、何を比べ、何に注目し、どんな関係で考えるのか	活動の流れだけを追わない。子どもが何を手がかりに考えるかを見る。	何と何を比べるか／どこに注目するか／どんな順番で考えるか／関係をどう見つけるか／どんな言葉で説明するか／別の場合でも使えそうか	なぜ、その見方・考え方が必要なのか。	子どもは、何を手がかりに考えるのか。	子どもは、どう比べ、どう関係づけるのか。	子どもが働かせる見方・考え方を、具体的な思考の動きに分けて見る図解にする。	中心に「見方・考え方」／周囲に「比べる」「注目する」「関係づける」「説明する」／下に「考える手がかり」／子どもが何を手がかりに考えるかを見えるようにする。	見方・考え方／比べる／注目する／関係づける／説明する／考える手がかり
25	2-5セル	どこで意味づけが動くか	2	教材・単元の芯をつかみたい	card	25.jpg	bottomCenter	8	FALSE	この単元で、子どもの意味づけはどこで動くのか	子どもが、最初の見方を見直すきっかけは、どの言葉・事実・対話・比較にあるか	考えの変化を、最後のまとめだけで見ない。授業の途中で生まれる迷い、違和感、言い直しを見る。	最初の予想と違ったこと／友達の考えを聞いて迷ったこと／比べると見え方が変わったこと／根拠を見直したくなったこと／説明できなくなったこと／もう一度教材に戻ったこと	なぜ、子どもの意味づけはそこで動くのか。	何が、子どもの見方を変えているのか。	子どもは、何を手がかりに考え直しているのか。	子どもの意味づけが、言葉・事実・対話・比較によって動く様子を図解する。	中心に「意味づけが動く」／周囲に「言葉」「事実」「対話」「比較」／下に「見直し・言い直し」／最初の見方がどう動くのかを示す図にする。	意味づけが動く／言葉／事実／対話／比較／見直し・言い直し
26	2-6セル	何を比べると芯が見えるか	2	教材・単元の芯をつかみたい	card	26.jpg	bottomLeft	7	FALSE	この単元は、何を比べると学びの芯が見えてくるのか	子どもが比べることで見えてくる違い・共通点・変化は何か	比べる活動を増やさない。何を比べると、子どもの見方が動くかを見る。	前と後で変わったこと／似ているようで違うこと／立場によって見え方が違うこと／条件が変わると結果が変わること／共通点を見つけられること／比べることで問いが生まれること	なぜ、その比較が必要なのか。	子どもは、何と何を比べるのか。	比べることで、子どもは何に気づくのか。	比べることで、違い・共通点・変化が見え、子どもの見方が変わる様子を図解する。	中心に「比べる」／左に「違い」／右に「共通点」／下に「見方が変わる」／比べることで、見えなかったことが見えてくる図にする。	比べる／違い／共通点／見方が変わる／比べることで、見えなかったことが見え、新しい問いや考えが生まれる。
27	2-7セル	単元の出口は何か	2	教材・単元の芯をつかみたい	card	27.jpg	middleLeft	4	FALSE	この単元のあと、子どもに何が残るのか	子どもに残したいのは、覚えた内容か、次に使える見方・言葉・問いか	活動を終えることを、単元の出口にしない。単元後に子どもが使えるものを見る。	別の場面でも使えそうな見方／自分から使いたくなる言葉／前より説明できるようになったこと／次に考えたくなる問い／生活や他教科につなげられること／最初の考えを見直したあとに残ること	なぜ、それを子どもに残したいのか。	子どもに、何が残るのか。	子どもは、それを次にどう使うのか。	学習前から学習後への変化を通して、単元後に残る見方・言葉・問いを図解する。	左に「学習前」／中心に「単元の出口」／右に「学習後」／下に「次に使える見方・言葉・問い」／単元を終えたあと、子どもに何が残るかを見る図にする。	学習前／単元の出口／学習後／次に使える見方・言葉・問い
28	2-8セル	削ってはいけないものは何か	2	教材・単元の芯をつかみたい	card	28.jpg	topLeft	1	FALSE	この単元で、削ってはいけないものは何か	時間を短くしても、単元の芯を保つために残す言葉・事実・問い・比較は何か	活動を減らしても、学びを薄くしない。子どもの見方が動くものを残す。	単元の中心につながる言葉／子どもの考えが動く場面／根拠になる事実や資料／何度も戻りたい問い／比べることで見えてくる違い／単元後にも残したい見方	なぜ、それは削ってはいけないのか。	この単元で、何を必ず残すのか。	何を残すと、単元の芯が保たれるのか。	時間を短くしても、単元の芯を保つために残すものを図解する。	中心に「削ってはいけないもの」／周囲に「言葉」「事実」「問い」「比較」／下に「単元の芯を保つ」／何を残せば単元の芯が保たれるかを見る図にする。	削ってはいけないもの／言葉／事実／問い／比較／単元の芯を保つ
30	3中心セル	教科で課題解決的な学習を組み立てる8つの視点	3	教科で課題解決的な学習を組み立てたい	category	30.jpg	center	5	TRUE			この8つの視点で、子どもの考えの動きを組み立てる。					教科で課題解決的な学習を組み立てる8つの視点	配置：3-8／3-1／3-2、3-7／3中心／3-3、3-6／3-5／3-4	どんな課題に向かうか／何を手がかりに考えるか／どこで考えを比べるか／どこで考えを更新するか／根拠と考えはつながっているか／どこで立ち止まるか／どう学びを結ぶか／何が次に使えるか
31	3-1セル	どんな課題に向かうか	3	教科で課題解決的な学習を組み立てたい	card	31.jpg	topCenter	2	FALSE	この学習で、子どもは何を考える課題に向かうのか	その課題は、教師が進めたい活動ではなく、子どもが自分の考えをもって向かえる問いになっているか	活動名で課題をつくらない。子どもが何を考えるのかを先に見る。	答えを写すだけで終わらない／手順をこなすだけで終わらない／子どもが迷えるところがある／考えを選ぶ場面がある／根拠をもって言えるところがある／友達と考えを比べられる	なぜ、子どもはその課題を考える必要があるのか。	子どもは、その課題で何を考えるのか。	子どもは、どの場面で自分の考えをもちそうか。	活動名ではなく、子どもが考える対象としての課題を見分ける図解にする。	中心に「考える課題」／左に「教師が進めたい活動」／右に「子どもが考える問い」／下に「自分の考えをもつ場面」／活動名から課題を作るのではなく、子どもが考える対象へ絞る図にする。	考える課題／教師が進めたい活動／子どもが考える問い／自分の考えをもつ場面
32	3-2セル	何を手がかりに考えるか	3	教科で課題解決的な学習を組み立てたい	card	32.jpg	topRight	3	FALSE	この学習で、子どもは何を手がかりにして考え始めるのか	子どもが課題に向かうとき、最初に目を向ける言葉・資料・事実は何か	手がかりを増やしすぎない。子どもが考え始める一点を先に見る。	本文や資料のどこを見るか／どの言葉に注目するか／どの事実を使うか／何と何を比べるか／前の学びのどこを使うか／最初の考えがどこから出るか	なぜ、子どもはそこを手がかりにできるのか。	子どもは、何を見て考え始めるのか。	その手がかりから、子どもはどんな考えを出しそうか。	子どもがどこを見て考え始めるかを整理する図解にする。	中心に「考え始める手がかり」／周囲に「言葉」「資料」「事実」「比べるもの」「前の学び」／下に「最初の考え」／子どもが何を見て考え始めるかを整理する図にする。	考え始める手がかり／言葉／資料／事実／比べるもの／前の学び／最初の考え
33	3-3セル	どこで考えを比べるか	3	教科で課題解決的な学習を組み立てたい	card	33.jpg	middleRight	6	FALSE	この学習で、子どもはどこで考えの違いを比べるのか	子どもの考えを比べる場面は、発表の場ではなく、考えの違いから考え直す必要が生まれる場面になっているか	考えを並べるだけで終わらせない。違いから、何を考え直せるのかを見る。	答えが分かれている／根拠が違っている／見ているところが違っている／比べると迷いが生まれる／自分の考えを言い直せる／比べたあとに考えが変わる余地がある	なぜ、その違いを比べる必要があるのか。	子どもは、どの考えの違いを比べるのか。	比べたあと、子どもは何を考え直しそうか。	考えを並べる場面から、考え直す場面へつなぐ図解にする。	中心に「考えの違いを比べる」／左右に「自分の考え」「友達の考え」／上に「答えの違い」「根拠の違い」「見ているところの違い」／下に「考え直す必要」／考えを並べるだけでなく、違いから考え直す図にする。	考えの違いを比べる／自分の考え／友達の考え／答えの違い／根拠の違い／見ているところの違い／考え直す必要
34	3-4セル	どこで考えを更新するか	3	教科で課題解決的な学習を組み立てたい	card	34.jpg	bottomRight	9	FALSE	この学習で、子どもはどこで考えを更新するのか	子どもの考えが更新される場面は、正解に合わせる場面ではなく、根拠や友達の考えにふれて、自分の考えを言い直す場面になっているか	考えの変化を、間違いの修正だけにしない。何にふれて、考えを言い直したのかを見る。	友達の根拠を聞いて考え直す／自分が見落としていたところに気づく／別の見方を取り入れる／最初の考えに理由を足す／言い方を変えて説明し直す／まだ決めきれない理由を言える	なぜ、子どもの考えはそこで更新されるのか。	子どもは、何にふれて考えを言い直すのか。	考えを更新したあと、子どもはどう説明し直しそうか。	考えが正解へ置き換わるのではなく、根拠や見方によって言い直される図解にする。	左に「最初の考え」／中心に「考えを更新する」／周囲に「友達の根拠」「見落とし」「別の見方」「理由の付け足し」／右に「言い直した考え」／下に「まだ決めきれない理由」／考えが根拠や見方によって更新される図にする。	最初の考え／考えを更新する／友達の根拠／見落とし／別の見方／理由の付け足し／言い直した考え／まだ決めきれない理由
35	3-5セル	根拠と考えはつながっているか	3	教科で課題解決的な学習を組み立てたい	card	35.jpg	bottomCenter	8	FALSE	この学習で、子どもの考えは何を根拠にしているのか	子どもの考えは、思いつきや感想だけでなく、根拠とつながった説明になっているか	根拠を言わせるだけで終わらせない。その根拠で、本当にその考えが言えるのかを見る。	考えのもとになった言葉がある／考えのもとになった事実がある／根拠と考えの間にずれがある／根拠だけを読んでいて、考えになっていない／考えだけを言っていて、根拠がない／根拠を使って説明し直せる	なぜ、その根拠からその考えが言えるのか。	子どもの考えは、何を根拠にしているのか。	根拠と考えのつながりを、子どもはどう説明しそうか。	根拠を集める図ではなく、根拠から考えが言えるかを確かめる図解にする。	左に「根拠」／右に「考え」／中央に「つながり」／上に「言葉・事実」／下に「ずれ」「説明し直し」／根拠と考えのつながりを確かめる図にする。	根拠／考え／つながり／言葉・事実／ずれ／説明し直し
36	3-6セル	どこで立ち止まるか	3	教科で課題解決的な学習を組み立てたい	card	36.jpg	bottomLeft	7	FALSE	この学習で、子どもはどこで立ち止まって考えを確かめるのか	子どもが課題を進める途中で、分かったつもりのまま進まず、考えの筋道やずれを確かめる場面があるか	先へ進めることを急がない。子どもが何を確かめれば、次の考えに進めるのかを見る。	分かったつもりで進んでいる／説明の途中で言葉が止まる／考えの筋道が途中で切れている／友達との違いを確かめる必要がある／もう一度見直すところがある／次に考えることを絞れる	なぜ、子どもはそこで立ち止まる必要があるのか。	子どもは、何を確かめるために立ち止まるのか。	立ち止まったあと、子どもはどう考えを進めそうか。	活動を止める図ではなく、考えを整えて次へ進む図解にする。	左に「進める」／中心に「立ち止まって確かめる」／周囲に「分かったつもり」「言葉が止まる」「筋道の切れ目」「友達との違い」「見直すところ」／右に「次に考えること」／考えを整えて次へ進む図にする。	進める／立ち止まって確かめる／分かったつもり／言葉が止まる／筋道の切れ目／友達との違い／見直すところ／次に考えること
37	3-7セル	どう学びを結ぶか	3	教科で課題解決的な学習を組み立てたい	card	37.jpg	middleLeft	4	FALSE	この学習で、子どもは課題に戻って何を言えるのか	子どものまとめは、教師の言葉を写す場面ではなく、課題について考えたことを、根拠や見方と結びつけて言える場面になっているか	まとめを板書にそろえすぎない。子どもが何を考え、何を根拠に、どう言えるようになったのかを見る。	課題に戻って言えている／最初の考えとの違いがある／根拠を入れて説明している／考え直したことが入っている／友達との違いをふまえている／別の場面でも使える見方がある	なぜ、それがこの学習のまとめになるのか。	子どもは、課題に戻って何を言えるのか。	子どもは、考えたことをどのように結び直しそうか。	課題に戻り、考えた過程を教科の学びとして結ぶ図解にする。	左に「課題」／中心に「学びを結ぶ」／周囲に「最初の考え」「根拠」「考え直したこと」「友達との違い」「使える見方」／右に「課題に戻って言えること」／考えた過程を教科の学びとして結ぶ図にする。	課題／学びを結ぶ／最初の考え／根拠／考え直したこと／友達との違い／使える見方／課題に戻って言えること
38	3-8セル	何が次に使えるか	3	教科で課題解決的な学習を組み立てたい	card	38.jpg	topLeft	1	FALSE	この学習のあと、子どもは何を次に使えるのか	子どもに残るものは、感想や疑問だけでなく、別の場面でも使える見方・考え方・確かめ方になっているか	学習をきれいに終わらせすぎない。子どもが次に使えるものとして、何を持ち帰るのかを見る。	別の場面でも使える見方がある／似た問題で試せる考え方がある／もう一度使えそうな確かめ方がある／次に比べられることがある／考え直すときの手がかりが残っている／次の学習につながる問いがある	なぜ、それは次にも使えるのか。	子どもは、この学習から何を持ち帰るのか。	子どもは、それを次にどう使いそうか。	学習の終わりから、次に使える教科の学びへつなぐ図解にする。	左に「この学習で分かったこと」／中心に「次に使えるもの」／周囲に「見方」「考え方」「確かめ方」「比べ方」「考え直す手がかり」／右に「次の場面へ」／学習の終わりを、次に使える教科の学びへつなぐ図にする。	この学習で分かったこと／次に使えるもの／見方／考え方／確かめ方／比べ方／考え直す手がかり／次の場面へ
40	4中心セル	書く・話す活動を、学びにつなげる8つの視点	4	書く・話す活動を、学びにつなげたい	category	40.jpg	center	5	TRUE			この8つの視点で、書く・話す活動を、学びにつなげる。					書く・話す活動を、学びにつなげる8つの視点	配置：4-8／4-1／4-2、4-7／4中心／4-3、4-6／4-5／4-4	何を書く・話すのか／何をもとにするのか／だれに向けるのか／友達の言葉とどうつなぐのか／追究にどうつなぐのか／言葉をどう整えるのか／どこで言葉が止まるのか／言葉で何が変わるのか
41	4-1セル	何を書く・話すのか	4	書く・話す活動を、学びにつなげたい	card	41.jpg	topCenter	2	FALSE	この学習で、子どもは何を書く・話すのか	子どもが書く・話す内容は、感想、考え、根拠、迷い、気づきのどれにあたるのか	「書く」「話す」という活動名で終わらせない。子どもが何を言葉にするのかを見る。	分かったことを書く／自分の考えを書く／理由や根拠を入れる／迷っていることを言葉にする／友達の考えとの違いを話す／考えが変わったところを書く	なぜ、ここで子どもに書かせる・話させるのか。	子どもは、何を言葉にするのか。	書く・話すことで、子どもの考えの何が表れそうか。	中心に「言葉にする中身」。周囲に「感想」「考え」「根拠」「迷い」「気づき」を置く。下に「活動名で止めない」を置く。「書く」「話す」は左右に小さく置き、中心へつなげる。	書く／話す／言葉にする中身／感想／考え／根拠／迷い／気づき／活動名で止めない。	書く／話す／言葉にする中身／感想／考え／根拠／迷い／気づき／活動名で止めない。
42	4-2セル	何をもとにするのか	4	書く・話す活動を、学びにつなげたい	card	42.jpg	topRight	3	FALSE	この学習で、子どもは何をもとにして書く・話すのか	子どもの言葉は、本文、資料、観察、経験、友達の考えのどれに支えられているのか	根拠を言わせるだけで終わらせない。そのもとから、本当にその考えが言えるのかを見る。	本文の言葉をもとにしている／資料の事実をもとにしている／観察したことをもとにしている／自分の経験をもとにしている／友達の考えをもとにしている／もとにしたことと考えがずれている	なぜ、子どもはそれをもとにしたのか。	子どもの言葉は、何に支えられているのか。	そのもとから、子どもはどんな考えを言えそうか。	中心に「子どもの言葉」。左に「もとにしたもの」、右に「考え」を置く。上に「本文・資料・観察・経験・友達の考え」を並べる。下に「ずれ」を置く。「もとにしたもの」から「子どもの言葉」へ、「子どもの言葉」から「考え」へ矢印でつなぐ。	本文／資料／観察／経験／友達の考え／もとにしたもの／子どもの言葉／考え／ずれ。	本文／資料／観察／経験／友達の考え／もとにしたもの／子どもの言葉／考え／ずれ。
43	4-3セル	だれに向けるのか	4	書く・話す活動を、学びにつなげたい	card	43.jpg	middleRight	6	FALSE	この学習で、子どもはだれに向けて書く・話すのか	子どもの言葉は、自分、友達、学級、教師、まだ知らない相手のどこへ向いているのか	相手を決めるだけで終わらせない。だれに向けるかで、子どもの言葉がどう変わるかを見る。	自分の考えを整理するために書いている／隣の友達に分かるように話している／学級全体に伝わるように話している／教師に分かってもらおうとしている／まだ知らない相手を想像して書いている／相手が変わると、言葉の選び方が変わっている	なぜ、子どもはその相手に向けて書く・話すのか。	子どもの言葉は、だれに向いているのか。	相手が変わると、子どもの言葉はどう変わりそうか。	中心に「子どもの言葉」。周囲に「自分」「友達」「学級」「教師」「まだ知らない相手」を置く。中心から各相手へ矢印を伸ばす。下に「向け先が変わると、言葉も変わる」を置く。	子どもの言葉／自分／友達／学級／教師／まだ知らない相手／向け先が変わると、言葉も変わる。	子どもの言葉／自分／友達／学級／教師／まだ知らない相手／向け先が変わると、言葉も変わる。
44	4-4セル	友達の言葉とどうつなぐのか	4	書く・話す活動を、学びにつなげたい	card	44.jpg	bottomRight	9	FALSE	この学習で、子どもは友達の言葉とどうつなげて書く・話すのか	子どもの言葉は、友達の言葉を受けて、比べる、足す、言いかえる、問い返す、考え直す動きになっているか	話し合ったかどうかで終わらせない。友達の言葉を聞いたあと、自分の言葉がどう変わったかを見る。	友達の考えと比べている／友達の言葉を使って言いかえている／自分の考えに友達の考えを足している／友達の考えに問い返している／友達の考えを聞いて考え直している／聞く前と聞いたあとで、言葉が変わっていない	なぜ、子どもはその友達の言葉につなげたのか。	子どもの言葉は、友達のどの言葉とつながっているのか。	友達の言葉を受けて、子どもの言葉はどう変わったか。	左に「聞く前の言葉」。中心に「友達の言葉」。右に「聞いたあとの言葉」を置く。下に「言葉の変化」を置く。周囲に「比べる」「足す」「言いかえる」「問い返す」「考え直す」を小さく置く。「聞く前の言葉」から「友達の言葉」を通り、「聞いたあとの言葉」へ流す。	聞く前の言葉／友達の言葉／聞いたあとの言葉／言葉の変化／比べる／足す／言いかえる／問い返す／考え直す。	聞く前の言葉／友達の言葉／聞いたあとの言葉／言葉の変化／比べる／足す／言いかえる／問い返す／考え直す。
45	4-5セル	追究にどうつなぐのか	4	書く・話す活動を、学びにつなげたい	card	45.jpg	bottomCenter	8	FALSE	この学習で、書く・話す活動を追究にどうつなぐのか	書く・話す活動のあと、子どもの言葉が、次に調べること、比べること、確かめること、考え直すことへ向かっているか	書かせた・話させたことで終わらせない。子どもの言葉が、次に考えることへ向かっているかを見る。	次に調べたいことが出ている／比べたいことがはっきりしている／確かめたいことを言葉にしている／考え直したいことが出ている／友達の言葉から新しい問いが生まれている／書いた・話したあと、次に向かう言葉がない	なぜ、ここで書く・話す活動を追究につなぐのか。	子どもの言葉は、次の何に向かっているのか。	書く・話す活動のあと、子どもは何を考え続けそうか。	左に「書く・話す活動」。中心に「子どもの言葉」。右に「次に考えること」を置く。周囲に「調べる」「比べる」「確かめる」「考え直す」「新しい問い」を置く。下に「活動で止めない」を置く。「書く・話す活動」から「子どもの言葉」へ、「子どもの言葉」から「次に考えること」へ矢印でつなぐ。	書く・話す活動／子どもの言葉／次に考えること／調べる／比べる／確かめる／考え直す／新しい問い／活動で止めない。	書く・話す活動／子どもの言葉／次に考えること／調べる／比べる／確かめる／考え直す／新しい問い／活動で止めない。
46	4-6セル	言葉をどう整えるのか	4	書く・話す活動を、学びにつなげたい	card	46.jpg	bottomLeft	7	FALSE	この学習で、子どもは自分の言葉をどう整えて書く・話すのか	子どもの言葉は、考え、根拠、順序、つながりが分かるように整えられているか	きれいな文章や発表に直すことだけで終わらせない。言葉を整えることで、子どもの考えの筋道がはっきりしたかを見る。	伝えたい考えがはっきりしている／根拠と考えがつながっている／話す順序や書く順序が整っている／言い足りないところを補っている／余分な言葉を削っている／整えたことで、考えの筋道が分かる	なぜ、子どもはその言葉を整えるのか。	子どもは、考えの何をはっきりさせようとしているのか。	言葉を整えることで、子どもの考えの筋道はどう見えそうか。	左に「はじめの言葉」。中心に「整える」。右に「筋道のある言葉」を置く。周囲に「考え」「根拠」「順序」「つながり」「削る・足す」を置く。下に「考えの筋道が見える」を置く。「はじめの言葉」から「整える」へ、「整える」から「筋道のある言葉」へ矢印でつなぐ。	はじめの言葉／整える／筋道のある言葉／考え／根拠／順序／つながり／削る・足す／考えの筋道が見える。	はじめの言葉／整える／筋道のある言葉／考え／根拠／順序／つながり／削る・足す／考えの筋道が見える。
47	4-7セル	どこで言葉が止まるのか	4	書く・話す活動を、学びにつなげたい	card	47.jpg	middleLeft	4	FALSE	この学習で、子どもの言葉はどこで止まるのか	子どもの言葉は、考えをもつところ、言い出すところ、順序を決めるところ、相手に合わせるところ、書き終えるところのどこで止まっているのか	書けない・話せない子を、考えていない子と決めつけない。考えが言葉になるまでの、どこで止まっているのかを見る。	考えはあるが、言い出せない／言いたいことを一文目にできない／何から話す・書くか決まらない／相手に合わせた言葉にできない／途中まで書いて止まっている／最後まで言い切れずに終わっている	なぜ、子どもの言葉はそこで止まるのか。	子どもは、言葉にする過程のどこで止まっているのか。	言葉が動き出すには、何が手がかりになりそうか。	左から右へ「考え」→「言い出す」→「順序」→「相手」→「言い切る」の流れを置く。その途中に「止まる」を示す。下に「考えていないと決めつけない」を置く。言葉になるまでの過程のどこで止まっているかを見る図にする。	考え／言い出す／順序／相手／言い切る／止まる／考えていないと決めつけない。	考え／言い出す／順序／相手／言い切る／止まる／考えていないと決めつけない。
48	4-8セル	言葉で何が変わるのか	4	書く・話す活動を、学びにつなげたい	card	48.jpg	topLeft	1	FALSE	この学習で、書く・話すことで子どもの何が変わるのか	書く・話す前後で、子どもの考え、言葉の選び方、根拠とのつながりがどう変わったか	発言量や記述量だけで判断しない。書く・話すことで、子どもの言葉と思考がどう動いたかを見る。	考えが前よりはっきりしている／使う言葉が変わっている／根拠とのつながりが強くなっている／言葉にしたことで、迷いが見えている／書く・話す前と後で、考えの筋道が変わっている／たくさん書いたが、考えは動いていない	なぜ、書く・話すことでその変化が起きたのか。	子どもの何が、書く・話す前と後で変わったのか。	その変化から、子どもの考えの動きをどう見るか。	左に「書く・話す前」。中心に「書く・話す活動」。右に「書く・話す後」を置く。周囲に「考え」「言葉」「根拠」「迷い」「筋道」を置く。下に「量だけで見ない」を置く。「書く・話す前」から「書く・話す活動」を通って「書く・話す後」へ流し、言葉と思考の変化を見る図にする。	書く・話す前／書く・話す活動／書く・話す後／考え／言葉／根拠／迷い／筋道／量だけで見ない。	書く・話す前／書く・話す活動／書く・話す後／考え／言葉／根拠／迷い／筋道／量だけで見ない。
50	5中心セル	情報活用能力を、子どもの学びとして育てる8つの視点	5	情報活用能力を、子どもの学びとして育てたい	category	50.jpg	center	5	TRUE			この8つの視点で、情報活用能力を子どもの学びとして育てる。					情報活用能力を、子どもの学びとして育てる8つの視点	配置：5-8／5-1／5-2、5-7／5中心／5-3、5-6／5-5／5-4	何のためにICT機器を使うのか／何をはっきりさせるのか／最適な情報は何か／情報をどう比べるのか／情報をどう整理するのか／情報をどう伝えるのか／情報で何が変わるのか／情報活用能力はどう育ったのか
51	5-1セル	何のためにICT機器を使うのか	5	情報活用能力を、子どもの学びとして育てたい	card	51.jpg	topCenter	2	FALSE	この学習で、子どもは何のためにICT機器を使うのか	ICT機器を使うことで、子どもは情報を集めるのか、比べるのか、整理するのか、考えを残すのか、友達と共有するのか、相手に伝えるのか	ICT機器を使うことを目的にしない。子どもの考えや表現のどこを動かすために使うのかを見る。	調べたいことをはっきりさせる／複数の情報を比べる／考えを図や表に整理する／考えの途中を残す／友達の考えと見比べる／相手に伝わる形に整える	なぜ、この学習でICT機器を使うのか。	ICT機器を使って、子どもの何を動かしたいのか。	ICT機器を使うことで、子どもの考えや表現はどう変わりそうか。	ICT機器を使うことを目的にせず、学びを動かす目的を見分ける図解にする。	左に「ICT機器を使う」／中心に「学びを動かす目的」／周囲に「集める」「比べる」「整理する」「残す」「共有する」「伝える」／下に「使って終わらせない」を置く。	ICT機器を使う／学びを動かす目的／集める／比べる／整理する／残す／共有する／伝える／使って終わらせない
52	5-2セル	何をはっきりさせるのか	5	情報活用能力を、子どもの学びとして育てたい	card	52.jpg	topRight	3	FALSE	この学習で、子どもは何をはっきりさせるために調べるのか	子どもがはっきりさせたいことは、言葉の意味か、事実か、理由か、違いか、自分の考えを支える根拠か	すぐに検索させない。子どもが何をはっきりさせたいのかを先に見る。	言葉の意味を知ろうとしている／事実を確かめようとしている／理由や背景を知ろうとしている／複数の情報の違いを見ようとしている／自分の考えを支える根拠を探している／相手に伝えるための材料を探している	なぜ、子どもはそれをはっきりさせたいのか。	子どもは、何をはっきりさせようとしているのか。	情報を調べることで、子どもの考えはどう変わりそうか。	検索する前に、子どもが何をはっきりさせたいのかを絞る図解にする。	左に「調べる」／中心に「はっきりさせたいこと」／周囲に「言葉の意味」「事実」「理由」「背景」「違い」「根拠」／下に「検索する前に絞る」を置く。	調べる／はっきりさせたいこと／言葉の意味／事実／理由／背景／違い／根拠／検索する前に絞る
53	5-3セル	最適な情報は何か	5	情報活用能力を、子どもの学びとして育てたい	card	53.jpg	middleRight	6	FALSE	この学習で使う情報として、何が最もふさわしいのか	子どもが選ぶ情報は、問いに合っているのか、考えの根拠になるのか、出どころが確かなのか、相手に伝わる材料になるのか	見つけた情報を、そのまま使わせない。子どもが何を基準に情報を選んでいるのかを見る。	自分の問いに合っている／考えの根拠になる／出どころが分かる／複数の情報と比べている／相手に伝わりやすい／この学習で使う必要がある	なぜ、その情報がこの学習に必要なのか。	この学習で、最もふさわしい情報は何か。	その情報を選ぶことで、子どもの考えはどう確かになりそうか。	見つけた情報の中から、この学習に最もふさわしい情報を選ぶ基準を見分ける図解にする。	左に「見つけた情報」／中心に「最もふさわしい情報」／周囲に「問いに合う」「根拠になる」「出どころが分かる」「比べて選ぶ」「伝わりやすい」「今、必要」／下に「選ぶ基準を見る」を置く。	見つけた情報／最もふさわしい情報／問いに合う／根拠になる／出どころが分かる／比べて選ぶ／伝わりやすい／今、必要／選ぶ基準を見る
54	5-4セル	情報をどう比べるのか	5	情報活用能力を、子どもの学びとして育てたい	card	54.jpg	bottomRight	9	FALSE	この学習で、子どもは情報の何を比べて考えるのか	子どもが比べるのは、内容の違いか、共通点か、出どころか、根拠の確かさか、自分の考えとのずれか	情報を並べるだけで終わらせない。子どもが比べた結果、考えをどう見直しているのかを見る。	複数の情報の違いを見ている／複数の情報の共通点を見ている／出どころを比べている／根拠の確かさを比べている／自分の考えとのずれを見ている／比べたあとに考えを直している	なぜ、その情報同士を比べるのか。	子どもは、情報の何を比べて考えているのか。	情報を比べることで、子どもの考えはどう見直されそうか。	情報を並べるだけでなく、比べる視点を通して考えを見直す図解にする。	左に「情報A」／右に「情報B」／中心に「比べる視点」／周囲に「違い」「共通点」「出どころ」「根拠の確かさ」「考えとのずれ」／下に「比べて考えを見直す」を置く。	情報A／情報B／比べる視点／違い／共通点／出どころ／根拠の確かさ／考えとのずれ／比べて考えを見直す
55	5-5セル	情報をどう整理するのか	5	情報活用能力を、子どもの学びとして育てたい	card	55.jpg	bottomCenter	8	FALSE	この学習で、子どもは情報をどんな形に整理するのか	子どもが情報を整理する形は、まとまりか、順序か、分類か、関係か、自分の考えを支える形か	情報をきれいに並べるだけで終わらせない。子どもが考えを組み立てやすい形に整理しているかを見る。	似ている情報をまとめている／順序が分かるように並べている／種類ごとに分けている／情報同士の関係を線や矢印で表している／自分の考えと情報をつなげている／整理したあとに考えを言い直している	なぜ、その情報を整理するのか。	子どもは、情報をどんな形に整理しているのか。	情報を整理することで、子どもの考えはどう組み立てられそうか。	集めた情報を、子どもが考えを組み立てやすい形に整理する図解にする。	左に「集めた情報」／中心に「考えやすい形」／周囲に「まとめる」「順序」「分類」「関係」「考えとのつながり」／下に「整理して考えを組み立てる」を置く。	集めた情報／考えやすい形／まとめる／順序／分類／関係／考えとのつながり／整理して考えを組み立てる
56	5-6セル	情報をどう伝えるのか	5	情報活用能力を、子どもの学びとして育てたい	card	56.jpg	bottomLeft	7	FALSE	この学習で、子どもは情報を使って何を伝えるのか	子どもが伝えようとしているのは、分かったことか、自分の考えか、考えを支える根拠か、相手に届けたい内容か	情報を写して発表するだけで終わらせない。子どもが情報を使って、自分の考えをどう伝えているのかを見る。	分かったことを自分の言葉で伝えている／情報を根拠にして考えを伝えている／図や表を使って関係を伝えている／必要な情報だけを選んで使っている／相手に伝わる順序で表している／情報と自分の考えを分けて伝えている	なぜ、その情報を使って伝えるのか。	子どもは、情報を使って何を伝えようとしているのか。	情報を使うことで、子どもの考えはどう伝わりやすくなりそうか。	整理した情報を使って、自分の考えを相手に伝える形にする図解にする。	左に「整理した情報」／中心に「伝えること」／周囲に「分かったこと」「自分の考え」「根拠」「関係」「相手に届けたいこと」／下に「写さず、考えを伝える」を置く。	整理した情報／伝えること／分かったこと／自分の考え／根拠／関係／相手に届けたいこと／写さず、考えを伝える
57	5-7セル	情報で何が変わるのか	5	情報活用能力を、子どもの学びとして育てたい	card	57.jpg	middleLeft	4	FALSE	この学習で、情報を使ったあと、子どもの考えはどう変わるのか	情報を使ったあとに変わるのは、分かったことか、根拠か、見方か、判断か、次に調べたいことか	ICT機器を使ったかどうかだけで判断しない。情報を使ったあと、子どもの考えがどう変わったのかを見る。	分かったことが増えている／考えの理由がはっきりしている／前の考えを見直している／別の見方に気づいている／判断の根拠が変わっている／次に調べたいことが生まれている	なぜ、その情報で子どもの考えは変わったのか。	情報を使ったあと、子どもの考えの何が変わったのか。	考えが変わったあと、子どもは次に何を見ようとしているのか。	情報を使う前と使った後の考えを比べ、子どもの考えの変化を見る図解にする。	左に「使う前の考え」／中心に「情報を使う」／右に「使った後の考え」／周囲に「分かったこと」「根拠」「見方」「判断」「次の問い」／下に「使ったあとを見る」を置く。	使う前の考え／情報を使う／使った後の考え／分かったこと／根拠／見方／判断／次の問い／使ったあとを見る
58	5-8セル	情報活用能力はどう育ったのか	5	情報活用能力を、子どもの学びとして育てたい	card	58.jpg	topLeft	1	FALSE	この学習で、子どもの情報活用能力はどう育ったのか	子どもは、目的をもつ、情報を選ぶ、比べる、整理する、伝える、考えを見直す力を、学習の中でどう使えるようになったのか	ICT機器を使えたかどうかで判断しない。情報を使って、子どもの考え方や表し方がどう変わったのかを見る。	調べる目的をはっきりさせている／必要な情報を選んでいる／複数の情報を比べている／情報を考えやすい形に整理している／情報を使って自分の考えを伝えている／情報を使ったあとに考えを見直している	なぜ、この学習で情報活用能力が育ったと言えるのか。	子どもの情報活用能力の何が育ったのか。	情報を使う力は、次の学習でどう生かされそうか。	ICT機器を使った事実ではなく、情報を使って考えた力が次の学びへつながることを図解する。	左に「ICT機器を使った」／中心に「情報活用能力の育ち」／周囲に「目的」「選ぶ」「比べる」「整理する」「伝える」「見直す」／右に「次の学びで使う」／下に「使えたかではなく、使って考えたか」を置く。	ICT機器を使った／情報活用能力の育ち／目的／選ぶ／比べる／整理する／伝える／見直す／次の学びで使う／使えたかではなく、使って考えたか
60	6中心セル	見取り・振り返りを次につなぐ8つの視点	6	見取り・振り返りを、次の授業と支援につなげたい	category	60.jpg	center	5	TRUE			この8つの視点で、子どもの事実を次の授業と支援につなぐ。					見取り・振り返りを次につなぐ8つの視点	配置：6-8／6-1／6-2、6-7／6中心／6-3、6-6／6-5／6-4	何ができていたか／どこでつまずいたか／何を考えていたか／何が変わったか／振り返りに何が表れたか／次に誰をどう支えるか／次の授業で何を変えるか／記録をどう残すか
61	6-1セル	何ができていたか	6	見取り・振り返りを、次の授業と支援につなげたい	card	61.jpg	topCenter	2	FALSE	この授業で、子どもは何ができていたか	子どもの「できた」を、正解・完成・発表だけでなく、次につながる途中の姿としてどう見るか	できた／できないで早く分けない。子どもが、どこまで考え、どこまで動けていたのかを見る。	考えを書き始めていた／友達の考えを聞こうとしていた／前の学びを使おうとしていた／資料や言葉を手がかりにしていた／途中まで説明しようとしていた／分からないことを言葉にしていた	なぜ、子どもはそこまで動けていたのか。	子どものどんな途中の姿を「できていた」と見るのか。	その「できていたこと」を、次の授業でどう支えるか。	子どもの途中の姿から、できていたことを見取り、次の支援へつなぐ図解にする。	左に「子どもの姿」／中心に「できていたこと」／周囲に「書き始める」「聞こうとする」「使おうとする」「説明しようとする」「分からないを言葉にする」／右に「次の支援」／下に「途中の姿を見る」。	子どもの姿／できていたこと／書き始める／聞こうとする／使おうとする／説明しようとする／分からないを言葉にする／次の支援／途中の姿を見る
62	6-2セル	どこでつまずいたか	6	見取り・振り返りを、次の授業と支援につなげたい	card	62.jpg	topRight	3	FALSE	この授業で、子どもはどこでつまずいたか	子どものつまずきは、問い・活動・手がかり・表現のどこで起きていたのか	つまずきを、子どもの力不足と早く決めない。学びの通路がどこで詰まったのかを見る。	問いの意味がつかめなかった／何をすればよいか分からなかった／考える手がかりが足りなかった／友達の考えとつなげられなかった／考えはあるが、書けなかった／途中で自信をなくして止まっていた	なぜ、子どもはそこでつまずいたのか。	問い・活動・手がかり・表現のどこで、子どもの動きが止まったのか。	そのつまずきを、次の授業でどうほどくか。	子どものつまずきを、学びの通路のどこで起きたものか見分ける図解にする。	左に「動きが止まる」／中心に「つまずき」／周囲に「問い」「活動」「手がかり」「表現」／右に「次にほどくところ」／下に「学びの通路を見る」。	動きが止まる／つまずき／問い／活動／手がかり／表現／次にほどくところ／学びの通路を見る
63	6-3セル	何を考えていたか	6	見取り・振り返りを、次の授業と支援につなげたい	card	63.jpg	middleRight	6	FALSE	この授業で、子どもは何を考えていたか	子どもの発言・記述・反応の奥に、どんな考え方の筋が表れていたのか	発言の正しさや記述の完成度だけを見ない。子どもが、何を手がかりにして考えたのかを見る。	どの言葉に反応していた／何と何を比べていた／前の学びを使おうとしていた／友達の考えを受けて考えていた／迷いながら言葉を選んでいた／書けていないが、話すと考えが出ていた	なぜ、子どもはそのように考えていたのか。	発言・記述・反応の奥に、どんな考え方の筋があったのか。	その考え方の筋を、次の授業でどう扱うか。	表に出た姿から、奥にある考え方の筋を読む図解にする。	左に「表に出た姿」／「発言」「記述」「反応」を添える／中心に「考え方の筋」／周囲に「比べる」「つなげる」「迷う」「選ぶ」／右に「次に扱うところ」／下に「奥にある考えを見る」。	表に出た姿／発言／記述／反応／考え方の筋／比べる／つなげる／迷う／選ぶ／次に扱うところ／奥にある考えを見る
64	6-4セル	何が変わったか	6	見取り・振り返りを、次の授業と支援につなげたい	card	64.jpg	bottomRight	9	FALSE	この授業で、子どもの何が変わったか	授業の中で、子どもの言葉・考え・関わり・表現のどこが動いたのか	大きな変化だけを探さない。小さな言いかえ、迷い、選び直しにも、子どもの学びは表れる。	使う言葉が変わっていた／理由の言い方が変わっていた／友達の考えを取り入れていた／最初の考えを見直していた／書き方や話し方が変わっていた／次に考えたいことが出ていた	なぜ、子どもの言葉や考えは動いたのか。	子どもの言葉・考え・関わり・表現のどこが変わったのか。	その変化を、次の授業でどう確かめるか。	授業の入口から出口までに、子どものどこが動いたのかを見る図解にする。	左に「授業の入口」／中心に「変わったところ」／周囲に「言葉」「考え」「関わり」「表現」／右に「授業の出口」／下に「小さな動きを見る」。	授業の入口／変わったところ／言葉／考え／関わり／表現／授業の出口／小さな動きを見る
65	6-5セル	振り返りに何が表れたか	6	見取り・振り返りを、次の授業と支援につなげたい	card	65.jpg	bottomCenter	8	FALSE	この授業の振り返りに、子どもの何が表れていたか	子どもの振り返りに、分かったこと・まだ残る迷い・考え直したこと・次に向かう思いのどれが表れていたのか	振り返りを、よい感想かどうかで見ない。授業後に子どもの中に何が残ったのかを見る。	分かったことを書いていた／まだ分からないことを書いていた／友達の考えで考え直していた／自分の考えの変化を書いていた／次に考えたいことを書いていた／短い言葉の中に、こだわりが表れていた	なぜ、子どもはそれを振り返りに書いたのか。	振り返りの中に、分かり・迷い・考え直し・次への思いのどれが表れていたのか。	その振り返りを、次の授業でどう返すか。	振り返りの言葉から、授業後に子どもの中に残っていたことを読む図解にする。	左に「振り返りの言葉」／中心に「残っていたこと」／周囲に「分かり」「迷い」「考え直し」「次への思い」／右に「次の授業で返す」／下に「感想で終わらせない」。	振り返りの言葉／残っていたこと／分かり／迷い／考え直し／次への思い／次の授業で返す／感想で終わらせない
66	6-6セル	次に誰をどう支えるか	6	見取り・振り返りを、次の授業と支援につなげたい	card	66.jpg	bottomLeft	7	FALSE	次の授業で、誰をどう支えるか	次の授業で、どの子のどの動きを支えれば、学びに入りやすくなるのか	全員を同じように支えようとしない。次に動き出すための小さな支えを、子どもと場面に合わせて絞る。	考え始めるまでに時間がかかっていた／問いの意味をつかめずにいた／考えはあるが、書けずにいた／友達の考えとつなげられずにいた／分からないことを出せずにいた／少し支えれば動き出しそうだった	なぜ、その子には次の支えが必要なのか。	その子のどの動きを支えれば、学びに入りやすくなるのか。	次の授業で、どの場面にどんな支えを置くか。	見取った姿から、次に支える子と小さな支えを絞る図解にする。	左に「見取った姿」／中心に「次に支える子」／周囲に「考え始め」「問いをつかむ」「書く」「つなげる」／右に「小さな支え」／下に「子どもと場面で絞る」。	見取った姿／次に支える子／考え始め／問いをつかむ／書く／つなげる／小さな支え／子どもと場面で絞る
67	6-7セル	次の授業で何を変えるか	6	見取り・振り返りを、次の授業と支援につなげたい	card	67.jpg	middleLeft	4	FALSE	次の授業で、授業の何を変えるか	見取った子どもの事実から、次の授業で問い・活動・時間・支援のどこを調整するのか	授業全体を大きく作り直さない。子どもの学びが動きにくかった一点を見つけ、次に変えるところを絞る。	問いの言い方で止まっていた／活動の手順が多すぎた／考える時間が足りなかった／友達と比べる場面が足りなかった／書く前に話す場面が必要だった／支援を出すタイミングが合っていなかった	なぜ、次の授業でそこを変える必要があるのか。	問い・活動・時間・支援のどこを変えるのか。	その変更で、子どもの学びはどう動きやすくなるのか。	見取った事実から、次の授業で変える一点を絞る図解にする。	左に「見取った事実」／中心に「次に変える一点」／周囲に「問い」「活動」「時間」「支援」／右に「次の授業」／下に「一点に絞る」。	見取った事実／次に変える一点／問い／活動／時間／支援／次の授業／一点に絞る
68	6-8セル	記録をどう残すか	6	見取り・振り返りを、次の授業と支援につなげたい	card	68.jpg	topLeft	1	FALSE	見取ったことを、どう記録に残すか	見取りの記録を、授業後の感想ではなく、次の授業で使える子どもの事実としてどう残すか	記録をたくさん残そうとしない。子どもの事実と、次に見る一点が分かるように残す。	子どもの言葉をそのまま残す／動きが止まった場面を残す／考えが変わった場面を残す／支援が効いた場面を残す／次に見る子や場面を残す／授業後すぐに短く残す	なぜ、その見取りを記録に残すのか。	子どものどの事実を、次の授業で使える形で残すのか。	次の授業で見返せるように、どの形で記録するか。	見取ったことから、次の授業で使える事実だけを残す図解にする。	左に「見取ったこと」／中心に「残す事実」／周囲に「子どもの言葉」「止まった場面」「変わった場面」「支援が効いた場面」／右に「次の授業で使う」／下に「次に見る一点」。	見取ったこと／残す事実／子どもの言葉／止まった場面／変わった場面／支援が効いた場面／次の授業で使う／次に見る一点
70	7中心セル	子どもの問いや願いを育てる8つの視点	7	総合的な学習・生活科で、子どもの問いや願いを育てたい	category	70.jpg	center	5	TRUE			この8つの視点で、子どもの問いや願いが育つ道すじを見る。					子どもの問いや願いを育てる8つの視点	配置：7-8／7-1／7-2、7-7／7中心／7-3、7-6／7-5／7-4	何に心が向いているか／何を不思議に思うか／何をもっと知りたいか／誰とつながりたいか／何を変えたいか／何を試してみたいか／何に困りそうか／何に気づき直すか
71	7-1セル	何に心が向いているか	7	総合的な学習・生活科で、子どもの問いや願いを育てたい	card	71.jpg	topCenter	2	FALSE	子どもは、身近な人・もの・ことの何に、くり返し心を向けているか	子どもの「好き」「気になる」「やってみたい」は、どんな対象との関わりから生まれているか	楽しそうな活動をすぐ決めない。子どもが何に近づき、何と関わろうとしているのかを見る。	よく話題にしていること／くり返し見に行くもの／思わず近づく人や場所／友達に伝えたがること／もっとやってみたいと言うこと／放っておいても続けていること	なぜ、子どもはそこにくり返し心を向けるのか。	子どもは、何と関わろうとしているのか。	その関わりから、どんな問いや願いが生まれそうか。	身近な人・もの・ことにくり返し心が向き、問いの種・願いの種が生まれる様子を図解する。	左に「身近な人・もの・こと」／中央に「くり返し心が向く」／周囲に「好き」「気になる」「近づく」「続ける」／右または下に「問いの種・願いの種」／下に「活動ではなく、関わろうとする対象を見る」を置く。	身近な人・もの・こと／くり返し心が向く／好き／気になる／近づく／続ける／問いの種・願いの種／活動ではなく、関わろうとする対象を見る
72	7-2セル	何を不思議に思うか	7	総合的な学習・生活科で、子どもの問いや願いを育てたい	card	72.jpg	topRight	3	FALSE	子どもは、出会った人・もの・ことの何を不思議に思うか	子どもの「どうして」「なぜ」「なんでだろう」は、どんな出会い、違和感、予想とのずれから生まれているか	不思議をすぐ調べ学習にしない。子どもが何に引っかかり、何を確かめたくなっているのかを見る。	予想と違って驚いたこと／理由を知りたがっていること／何度も聞き返すこと／友達と考えが分かれること／見たことはあるが説明できないこと／もう一度確かめたいと言うこと	なぜ、子どもはそこを不思議に思ったのか。	子どもは、何に引っかかっているのか。	その不思議から、どんな次の関わりが生まれそうか。	出会った人・もの・ことへの不思議が、次の関わりへ向かう様子を図解する。	左に「出会った人・もの・こと」／中央に「不思議に思う」／周囲に「予想と違う」「説明できない」「理由を知りたい」「確かめたい」／右または下に「次の関わり」／下に「調べる前に、引っかかりを見る」を置く。	出会った人・もの・こと／不思議に思う／予想と違う／説明できない／理由を知りたい／確かめたい／次の関わり／調べる前に、引っかかりを見る
73	7-3セル	何をもっと知りたいか	7	総合的な学習・生活科で、子どもの問いや願いを育てたい	card	73.jpg	middleRight	6	FALSE	子どもは、出会った人・もの・ことについて、何をもっと知りたいと思っているか	子どもの「もっと知りたい」は、何を確かめたいのか、誰に聞きたいのか、どこを見に行きたいのか	知りたいことをただ増やさない。子どもが何を、どのように確かめたがっているのかを見る。	くり返し聞いていること／自分で調べ始めていること／人に聞きたがっていること／実物を見に行きたがっていること／友達と話して広がったこと／調べてもまだ残っていること	なぜ、子どもはそこをもっと知りたいのか。	子どもは、何を確かめたいと思っているのか。	その「知りたい」から、どんな確かめ方が見えてくるか。	もっと知りたいという思いから、確かめたいことと確かめ方が見えてくる様子を図解する。	左に「もっと知りたい」／中央に「確かめたいこと」／周囲に「聞く」「見る」「調べる」「比べる」／右または下に「確かめ方が見える」／下に「広げるだけでなく、確かめたいことを見る」を置く。	もっと知りたい／確かめたいこと／聞く／見る／調べる／比べる／確かめ方が見える／広げるだけでなく、確かめたいことを見る
74	7-4セル	誰とつながりたいか	7	総合的な学習・生活科で、子どもの問いや願いを育てたい	card	74.jpg	bottomRight	9	FALSE	子どもは、この学習を通して誰とつながりたいと思っているか	子どもの問いや願いは、誰との関わりによって、より確かなものになりそうか	相手を教師が先に決めない。子どもの問いや願いが、誰に向かい始めているのかを見る。	友達に聞いてみたいこと／下級生や上級生に伝えたいこと／家族に聞いてみたいこと／地域の人に会ってみたいこと／詳しい人に教えてもらいたいこと／誰かの役に立ちたいと言うこと	なぜ、子どもはその相手とつながりたいのか。	子どもの問いや願いは、誰に向かっているのか。	その相手と関わることで、問いや願いはどう確かになりそうか。	問いや願いが、友達・学校の人・家族・地域の人・詳しい人へ向かう様子を図解する。	中央に「問い・願い」／周囲に「友達」「学校の人」「家族」「地域の人」「詳しい人」／それぞれを線で中央につなぐ／右または下に「相手が見える」／下に「活動の相手ではなく、願いが向かう相手を見る」を置く。	問い・願い／友達／学校の人／家族／地域の人／詳しい人／相手が見える／活動の相手ではなく、願いが向かう相手を見る
75	7-5セル	何を変えたいか	7	総合的な学習・生活科で、子どもの問いや願いを育てたい	card	75.jpg	bottomCenter	8	FALSE	子どもは、身近な生活や環境の何を変えたいと思っているか	子どもの「よくしたい」「変えたい」「何とかしたい」は、どんな困りごとや願いから生まれているか	すぐ活動案にしない。子どもが何を気にかけ、どのようによくしたいと思っているのかを見る。	困っていると話すこと／前よりよくしたいと言うこと／誰かのために変えたいこと／このままではよくないと思うこと／大切にしたいと思っていること／変えたあとを想像していること	なぜ、子どもはそこを変えたいと思っているのか。	子どもは、何を気にかけているのか。	その願いから、どんな動き出し方が見えてくるか。	身近な生活や環境の中にある変えたいことから、動き出す願いが生まれる様子を図解する。	左に「身近な生活や環境」／中央に「変えたいこと」／周囲に「困りごと」「よくしたい」「誰かのため」「大切にしたい」／右または下に「動き出す願い」／下に「活動案ではなく、よくしたい理由を見る」を置く。	身近な生活や環境／変えたいこと／困りごと／よくしたい／誰かのため／大切にしたい／動き出す願い／活動案ではなく、よくしたい理由を見る
76	7-6セル	何を試してみたいか	7	総合的な学習・生活科で、子どもの問いや願いを育てたい	card	76.jpg	bottomLeft	7	FALSE	子どもは、問いや願いを進めるために何を試してみたいと思っているか	子どもの「やってみたい」は、調べる、作る、聞く、比べる、伝えるなど、どんな試し方に向かっているか	活動を増やすことを目的にしない。子どもが何を確かめ、どんな反応を受け取りたいのかを見る。	自分で調べてみたいこと／実物を見て確かめたいこと／人に聞いて確かめたいこと／作って試してみたいこと／比べて分かりたいこと／誰かに伝えて反応を見たいこと	なぜ、子どもはその方法を試したいのか。	子どもは、何を確かめようとしているのか。	試したあと、どんな反応や気づきが返ってきそうか。	問いや願いから試してみたい方法が生まれ、反応や気づきが返ってくる様子を図解する。	左に「問い・願い」／中央に「試してみたい」／周囲に「調べる」「聞く」「作る」「比べる」「伝える」／右または下に「反応や気づきが返る」／下に「活動ではなく、試して受け取るものを見る」を置く。	問い・願い／試してみたい／調べる／聞く／作る／比べる／伝える／反応や気づきが返る／活動ではなく、試して受け取るものを見る
77	7-7セル	何に困りそうか	7	総合的な学習・生活科で、子どもの問いや願いを育てたい	card	77.jpg	middleLeft	4	FALSE	子どもは、問いや願いを進める中で何に困りそうか	子どもの探究は、情報の不足、方法の不足、相手とのずれ、実現の難しさのどこで考え直しを求められそうか	困りを先回りして消さない。子どもが何にぶつかり、何を考え直す必要があるのかを見る。	何を調べればよいか迷うこと／調べても分からないこと／誰に聞けばよいか分からないこと／相手にうまく伝わらないこと／自分たちだけでは実現しにくいこと／途中で考えが変わりそうなこと	なぜ、子どもはそこで困りそうなのか。	子どもは、何にぶつかりそうなのか。	その困りから、どんな考え直しが生まれそうか。	問いや願いを進める中で困りそうなところを見つけ、考え直す入口にする様子を図解する。	左に「問い・願い」／中央に「困りそうなところ」／周囲に「情報不足」「方法不足」「相手とのずれ」「実現の難しさ」／右または下に「考え直す入口」／下に「困りを消す前に、考え直す入口を見る」を置く。	問い・願い／困りそうなところ／情報不足／方法不足／相手とのずれ／実現の難しさ／考え直す入口／困りを消す前に、考え直す入口を見る
78	7-8セル	何に気づき直すか	7	総合的な学習・生活科で、子どもの問いや願いを育てたい	card	78.jpg	topLeft	1	FALSE	子どもは、活動のあとに何を見直し、何に気づき直すか	活動後、子どもの見方、相手意識、願い、次の問いはどう変わったか	活動後の感想で終わらせない。子どもが何を見直し、次に何へ向かおうとしているのかを見る。	前と見方が変わったこと／思っていたことと違ったこと／相手の思いに気づいたこと／もっと考えたくなったこと／次に試したいと思ったこと／自分たちの願いが変わったこと	なぜ、子どもはそこに気づき直したのか。	子どもは、何を見直したのか。	その気づき直しから、次の問いや願いはどう変わりそうか。	活動したことを見直し、問いや願いが更新されていく様子を図解する。	左に「活動したこと」／中央に「気づき直す」／周囲に「見方が変わる」「相手が見える」「願いが変わる」「次が生まれる」／右または下に「次の問い・願い」／下に「感想ではなく、問いや願いの更新を見る」を置く。	活動したこと／気づき直す／見方が変わる／相手が見える／願いが変わる／次が生まれる／次の問い・願い／感想ではなく、問いや願いの更新を見る
80	8中心セル	その子の「できた」を設計する8つの視点	8	特別支援学級で、その子の「できた」を設計したい	category	80.jpg	center	5	TRUE			この8つの視点で、その子の「できた」を設計する。					その子の「できた」を設計する8つの視点	配置：8-8／8-1／8-2、8-7／8中心／8-3、8-6／8-5／8-4	何ができたら「できた」なのか／どこでつまずきやすいのか／どんな手がかりがあれば動けるのか／どの量なら取り組めるのか／どの方法なら表せるのか／誰となら安心して学べるのか／できたあと、何につなげるのか／教師は何を支援しすぎているのか
81	8-1セル	何ができたら「できた」なのか	8	特別支援学級で、その子の「できた」を設計したい	card	81.jpg	topCenter	2	FALSE	この学習で、その子にとって何ができたら「できた」と言えるのか	その子の「できた」は、正答したことか、始められたことか、選べたことか、分かったことを表せたことか、安心して続けられたことかを見極める。	みんなと同じ結果だけを「できた」にしない。その子の中で、何が前より少し進んだのかを見る。	自分から始めた／安心して取り組んだ／途中でやり直した／自分で選んだ／分かったことを表した／次もやろうとした	なぜ、それがその子にとっての「できた」になるのか。	その子の何が、前より少し進んだのか。	その「できた」を、次の学びにどうつなげるのか。	その子にとっての「できた」を、行動・安心・自己決定・表現の面から見る図解にする。	中心に「その子の『できた』」／周囲に「始める」「安心する」「選ぶ」「表す」「やり直す」「次もやる」／下に「前より少し進んだこと」／みんなと同じ結果ではなく、その子の中で進んだことを見る図にする。	その子の「できた」／始める／安心する／選ぶ／表す／やり直す／次もやる／前より少し進んだこと
82	8-2セル	どこでつまずきやすいのか	8	特別支援学級で、その子の「できた」を設計したい	card	82.jpg	topRight	3	FALSE	この学習で、その子はどこでつまずきやすいのか	その子のつまずきは、指示の分かりにくさか、見通しのなさか、量の多さか、手順の複雑さか、表し方の難しさか、不安の強さかを見極める。	つまずきを、その子の苦手だけで見ない。学習のどこで、何がその子の動きを止めているのかを見る。	指示を聞いたあとに止まる／何から始めるか迷う／手順が増えると止まる／量が多いと手をつけにくい／書く、話す場面で止まる／終わりが見えないと不安になる	なぜ、その子はそこでつまずきやすいのか。	その子の動きを止めているものは何か。	そのつまずきを見て、学習の入口をどう整えるのか。	学習の流れの中で、その子の動きが止まりやすい地点を見つける図解にする。	左から右へ進む学習の流れを置く／流れの途中に「指示」「始め方」「手順」「量」「表し方」「不安」を並べる／中心に「つまずく地点」／下に「動きを止めるもの」／その子の苦手ではなく、学習のどこで止まるのかを見る図にする。	学習の流れ／指示／始め方／手順／量／表し方／不安／つまずく地点／動きを止めるもの
83	8-3セル	どんな手がかりがあれば動けるのか	8	特別支援学級で、その子の「できた」を設計したい	card	83.jpg	middleRight	6	FALSE	この学習で、その子はどんな手がかりがあれば動き出せるのか	その子が動き出す手がかりは、見本か、手順か、選択肢か、絵や写真か、友達の動きか、教師の短い言葉かを見極める。	手がかりを増やしすぎない。その子が自分で次の動きを思い出せる手がかりを選ぶ。	見本があると動き出す／手順が見えると始められる／選択肢があると選べる／絵や写真があると分かる／友達の動きを見るとまねできる／短い言葉で次を思い出せる	なぜ、その手がかりでその子は動き出せるのか。	その子に必要な手がかりは何か。	その手がかりを、学習のどこに置くのか。	その子が自分で動き出すために必要な手がかりを見分ける図解にする。	中心に「動き出す手がかり」／周囲に「見本」「手順」「選択肢」「絵・写真」「友達の動き」「短い言葉」／右に「自分で動き出す」／下に「支援を減らす入口」／支援を増やすのではなく、自分で動き出せる手がかりを選ぶ図にする。	動き出す手がかり／見本／手順／選択肢／絵・写真／友達の動き／短い言葉／自分で動き出す／支援を減らす入口
84	8-4セル	どの量なら取り組めるのか	8	特別支援学級で、その子の「できた」を設計したい	card	84.jpg	bottomRight	9	FALSE	この学習で、その子はどの量なら取り組み続けられるのか	その子が取り組める量は、問題の数か、読む量か、書く量か、時間の長さか、手順の数か、選択肢の多さかを見極める。	量を減らすだけで終わらせない。その子が見通しをもち、疲れすぎずに最後まで向かえる量を見る。	問題の数が多いと止まる／読む文が長いと入りにくい／書く量が多いと続かない／時間が長いと疲れやすい／手順が多いと混乱する／選択肢が多いと決めにくい	なぜ、その量ならその子は取り組み続けられるのか。	その子にとって多すぎる量は何か。	その子が見通せる量に、学習をどう区切るのか。	その子が最後まで向かえる量を、数・時間・手順・選択肢から見る図解にする。	中心に「取り組める量」／周囲に「問題の数」「読む量」「書く量」「時間」「手順」「選択肢」／右に「最後まで向かう」／下に「見通せる量」／量を減らすだけでなく、見通せる量に区切る図にする。	取り組める量／問題の数／読む量／書く量／時間／手順／選択肢／最後まで向かう／見通せる量
85	8-5セル	どの方法なら表せるのか	8	特別支援学級で、その子の「できた」を設計したい	card	85.jpg	bottomCenter	8	FALSE	この学習で、その子はどの方法なら分かったことを表せるのか	その子が分かったことを表せる方法は、話すことか、書くことか、指さすことか、選ぶことか、絵や図にすることか、物を動かすことかを見極める。	書けないことを、分かっていないことにしない。その子の分かっていることが外に出る方法を見る。	話すと伝えられる／書くと途中で止まる／指さすと考えが出る／選択肢があると選べる／絵や図なら表せる／物を動かすと示せる	なぜ、その方法ならその子は表せるのか。	その子の分かっていることは、どの方法で出やすいのか。	その方法で出てきたことを、学びとしてどう受け取るのか。	その子の分かっていることが外に出る方法を見分ける図解にする。	中心に「表せる方法」／周囲に「話す」「書く」「指さす」「選ぶ」「絵・図」「物を動かす」／右に「分かったことが出る」／下に「受け取る入口」／書くことだけでなく、その子の分かっていることを受け取る入口を見る図にする。	表せる方法／話す／書く／指さす／選ぶ／絵・図／物を動かす／分かったことが出る／受け取る入口
86	8-6セル	誰となら安心して学べるのか	8	特別支援学級で、その子の「できた」を設計したい	card	86.jpg	bottomLeft	7	FALSE	この学習で、その子は誰となら安心して学べるのか	その子が安心して学べる相手は、教師か、友達か、少人数の仲間か、まねできる相手か、助けを求められる相手か、話を聞いてくれる相手かを見極める。	一人でできることだけを「できた」にしない。その子が安心して学びに向かえる関係を見る。	教師が近くにいると始められる／友達の動きを見るとまねできる／少人数だと話しやすい／決まった相手だと安心する／助けを求められる相手がいる／話を聞いてくれる相手がいる	なぜ、その相手だとその子は安心して学べるのか。	その子が安心して関われる相手は誰か。	その関係を、学習の中にどう置くのか。	その子が安心して学びに向かえる相手や関係を見分ける図解にする。	中心に「安心して学べる相手」／周囲に「教師」「友達」「少人数」「まねる相手」「頼れる相手」「聞いてくれる相手」／右に「学びに向かう」／下に「安心できる関係」／一人でできることだけでなく、安心して関われる相手を見る図にする。	安心して学べる相手／教師／友達／少人数／まねる相手／頼れる相手／聞いてくれる相手／学びに向かう／安心できる関係
87	8-7セル	できたあと、何につなげるのか	8	特別支援学級で、その子の「できた」を設計したい	card	87.jpg	middleLeft	4	FALSE	この学習で、その子の「できた」を次の何につなげるのか	その子の「できた」は、次の課題か、別の場面か、友達との学びか、自分で選ぶ活動か、生活の中の行動か、次もやってみる自信かにつなげられるのかを見極める。	一回できたことで終わらせない。その「できた」が、次に自分で使える力になるかを見る。	次の課題でも使えそう／別の場面でも試せそう／友達との学びにつながりそう／自分で選ぶ活動につながりそう／生活の中で使えそう／次もやってみる自信になりそう	なぜ、その「できた」は次につなげられるのか。	その子の「できた」は、次の何に使えそうか。	その「できた」を、次に自分で使える形へどう渡すのか。	今回の「できた」を、次に自分で使える力へつなげる図解にする。	左に「今回の『できた』」／中心に「次につなげる」／周囲に「次の課題」「別の場面」「友達との学び」「選ぶ活動」「生活の中」「次の自信」／右に「次に使う」／下に「自分で使える力」／一回できたことで終わらせず、次に持ち出せる形を見る図にする。	今回の「できた」／次につなげる／次の課題／別の場面／友達との学び／選ぶ活動／生活の中／次の自信／次に使う／自分で使える力
88	8-8セル	教師は何を支援しすぎているのか	8	特別支援学級で、その子の「できた」を設計したい	card	88.jpg	topLeft	1	FALSE	この学習で、教師はその子のどこを支援しすぎているのか	教師の支援は、始める前の声かけか、考える途中の助言か、選ぶ場面の先回りか、表す場面の手助けか、失敗を避けさせる関わりか、待てばできる場面への介入かを見極める。	支援を多くするほどよいとは限らない。その子が自分で試せる余地を、学習の中に残す。	始める前に声をかけすぎている／考える前に助言している／選ぶ前に答えを絞っている／表す前に言葉を足している／失敗しそうな場面を避けさせている／待てばできる場面で手を出している	なぜ、教師はそこを支援しすぎているのか。	その子が自分で試せる余地はどこか。	支援を少し引いて、その子の「できた」をどう残すのか。	教師の支援が、その子の自分で試す余地を奪っていないかを見る図解にする。	中心に「支援しすぎ」／周囲に「声かけ」「助言」「先回り」「手助け」「失敗回避」「待てない」／右に「自分で試す」／下に「支援を少し引く」／支援を増やすだけでなく、その子が自分で試せる余地を残す図にする。	支援しすぎ／声かけ／助言／先回り／手助け／失敗回避／待てない／自分で試す／支援を少し引く
